"ID","File","Start","End"
1,"10dec_D11_1",104.75,116.506
1,"10dec_D31_1",6.128,7.617
1,"10dec_D41_2",27.952,29.785
1,"10dec_D43_2",9.319,10.599
1,"10dec_D63_1",4.773,6.413
1,"10dec_D64_2",21.291,23.369
1,"10dec_D64_2",33.093,35.531
1,"10dec_D71_1",23.352,25.316
1,"10dec_D71_1",28.75,29.9
1,"10dec_D71_2",5.355,8.415
1,"10dec_D71_2",14.894,18.039
1,"10dec_D71_2",20.675,24.594
1,"10dec_D71_2",27.108,29.828
1,"10dec_D72_2",4.058,7.345
1,"10dec_D72_2",10.529,14.087
1,"10dec_D72_2",17.382,19.846
1,"10dec_D72_2",25.337,27.794
1,"10dec_K12_1",4.647,6.117
1,"10dec_K12_1",9.058,13
1,"10dec_K12_2",9.601,13.235
1,"10dec_K22_1",1.142,2.603
1,"10dec_K31_1",7.022,8.764
1,"10dec_K31_1",22.506,23.82
1,"10dec_K41_1",1.435,4.169
1,"10dec_K52_1",2.234,3.997
1,"10dec_K52_1",7.379,8.241
1,"10dec_K61_2",8,12.369
1,"10dec_K61_2",15.857,20.124
1,"10dec_K61_2",21.702,24.432
1,"10dec_K71_2",8.104,10.142
1,"10dec_K71_2",20.291,26.324
1,"10dec_K72_2",7.533,12.688
1,"10dec_K72_2",19.535,22.321
1,"10dec_K72_2",29.155,30.88
1,"10dec_O12_1",0.85,2.55
1,"10dec_O15_1",12.382,16.026
1,"10dec_O15_1",26.843,28.165
1,"10dec_O15_1",29.718,31.194
1,"10dec_O15_2",6.75,10.285
1,"10dec_O16_2",16.104,20.333
1,"10dec_O16_2",30.604,32.812
1,"10dec_O16_2",40.345,42.321
1,"14dec_D13_1",0.262,2.876
1,"14dec_D13_1",7.455,9.605
1,"14dec_D22_1",4.697,9.607
1,"14dec_D22_1",20.142,26.285
1,"14dec_D31_1",3.104,4.488
1,"14dec_D34_1",9.1,12.6
1,"14dec_D34_1",21.033,23.866
1,"14dec_D41_1",3.913,19.695
1,"14dec_D41_2",10.035,17.581
1,"14dec_D42_1",2.739,11.391
1,"14dec_D42_2",7.26,9.956
1,"14dec_D43_1",3.261,14.55
1,"14dec_D43_2",7.675,11.738
1,"14dec_D51_1",2.607,4.664
1,"14dec_D51_1",10.821,15.996
1,"14dec_D52_1",0.955,8.529
1,"14dec_D61_1",12.565,16
1,"14dec_D62_1",14.872,16.647
1,"14dec_D63_1",5.632,8.352
1,"14dec_D64_1",1.441,3.591
1,"14dec_D64_1",11.729,16.135
1,"14dec_D65_1",3.464,7.213
1,"14dec_D65_2",11.979,14.027
1,"14dec_D71_1",11,13.68
1,"14dec_D71_1",14.936,16.751
1,"14dec_D71_1",19.021,21.738
1,"14dec_D71_2",9.964,37.041
1,"14dec_D72_1",2.928,8.5
1,"14dec_D72_1",14.321,20.892
1,"14dec_D72_1",26.428,27.785
1,"14dec_D72_2",1.535,8.02
1,"14dec_D72_2",14.187,15.857
1,"14dec_D72_2",18.928,19.794
1,"14dec_D73_1",3.792,9.214
1,"14dec_D73_1",11.821,15.026
1,"14dec_D73_2",3.142,12.571
1,"14dec_D73_2",20.321,22.107
1,"14dec_D73_2",26.821,28.893
1,"14dec_D73_2",29.678,32.535
1,"14dec_D74_1",3.729,12.812
1,"14dec_D74_2",2.071,4.508
1,"14dec_D74_2",6.857,13.468
1,"14dec_D74_2",21.155,27.892
1,"14dec_K21_1",29.099,31.37
1,"14dec_K22_1",89.7,97.7
1,"14dec_K22_2",4.1,11.4
1,"14dec_K22_2",24.5,31.4
1,"14dec_K41_1",106.2,108.92
1,"14dec_K41_2",109.1,113.153
1,"14dec_K51_1",5.5,21.9
1,"14dec_K51_1",24.73,32.6
1,"14dec_K52_1",6.071,23.225
1,"14dec_K52_1",23.225,46.491
1,"14dec_K54_1",7.587,9.676
1,"14dec_K54_1",12.516,14.392
1,"14dec_K54_1",19.285,22.232
1,"14dec_K54_1",22.266,25.75
1,"14dec_K61_1",25.395,27.312
1,"14dec_K61_2",10.75,13.11
1,"14dec_K61_2",20.428,23
1,"14dec_K61_2",28.857,31.071
1,"14dec_K62_1",24.857,27.11
1,"14dec_K62_2",7.566,10.289
1,"14dec_K62_2",14.026,15.748
1,"14dec_K62_2",18.642,20.628
1,"14dec_K62_2",23.8,24.898
1,"14dec_K63_1",10.928,14.392
1,"14dec_K63_2",4.286,9.321
1,"14dec_K63_2",9.785,13.608
1,"14dec_K63_2",15.658,19.285
1,"14dec_K63_2",20.214,21.469
2,"10dec_O14_1",16.655,48.76
2,"10dec_O14_2",0.52,45.806
2,"10dec_O15_1",15,30.756
2,"10dec_O15_2",7.32,9.98
2,"14dec_D11_1",3.07,10.025
2,"14dec_D32_1",17.513,19.918
2,"14dec_D33_1",9.746,14.493
2,"14dec_D34_1",9.173,13.093
2,"14dec_D42_2",7.61,14.562
2,"14dec_D51_1",35.585,38.005
2,"14dec_D65_1",3.54,13.756
2,"14dec_D71_1",13.391,16.702
2,"14dec_D71_2",9.82,23.33
2,"14dec_D71_2",25.89,28.38
2,"14dec_D71_2",34.47,36.64
2,"14dec_D72_1",16.82,22.3
2,"14dec_D73_1",6.92,10.9
2,"14dec_D73_2",19.81,21.68
2,"14dec_D73_2",26.96,32.55
2,"14dec_D74_1",3.053,13.026
2,"14dec_D74_2",6.72,11.87
2,"14dec_D74_2",21.18,27.946
2,"14dec_K22_2",5.5,10.891
2,"14dec_K32_1",9.273,14.486
2,"14dec_K33_1",12.86,15.46
2,"14dec_K33_1",67.3,71.94
2,"14dec_K33_1",82.68,84.02
2,"14dec_K33_2",74.16,75.266
2,"14dec_K41_1",251.189,252.716
2,"14dec_K51_1",9.546,12.133
2,"14dec_K51_1",23.053,35.853
2,"14dec_K52_1",6.166,7.48
2,"14dec_K52_1",12.353,46.526
2,"14dec_K54_1",7.84,9.2
2,"14dec_K54_1",12.375,16.775
2,"14dec_K54_1",19.93,23.44
2,"14dec_K61_1",25.606,27.513
2,"14dec_K61_2",7.186,12.866
2,"14dec_K61_2",17.806,21.386
2,"14dec_K61_2",29.386,33.46
2,"14dec_K62_1",24.84,27.593
2,"14dec_K62_2",7.413,12.18
2,"14dec_K62_2",17.9,20.086
2,"14dec_K62_2",24.548,27.74
2,"14dec_K63_2",4.14,27.37
2,"14dec_K63_2",30.305,33.675
2,"15dec_D12_1",96.6,103.053
2,"15dec_D12_1",105.966,111.906
2,"15dec_D12_1",116.753,123.706
2,"15dec_D21_1",78.378,80.18
2,"15dec_D33_1",19.455,22.175
2,"15dec_D41_2",15.27,59.85
2,"15dec_D41_2",138.75,146.214
2,"15dec_D43_2",34.11,37.62
2,"15dec_D51_2",33.92,37.13
2,"15dec_D51_2",52.82,59.15
2,"15dec_D52_2",19.536,25.45
2,"15dec_D52_2",28.866,31.623
2,"15dec_D52_2",47.42,50.476
2,"15dec_D53_2",7.57,12.09
2,"15dec_D53_2",17.75,28.87
2,"15dec_D53_2",32.81,42.06
2,"15dec_D53_2",62.64,69.5
2,"15dec_D54_2",17.07,20.03
2,"15dec_D54_2",39.15,44.32
2,"15dec_D61_2",5.56,11.453
2,"15dec_D61_2",16.906,22.326
2,"15dec_D62_1",41.553,52.533
2,"15dec_D62_2",48.386,52.626
2,"15dec_D63_2",15.125,16.97
2,"15dec_D71_1",5.685,8.905
2,"15dec_D71_1",18.535,27.04
2,"15dec_D71_2",3.39,6.545
2,"15dec_D71_2",8.64,17.31
2,"15dec_D71_2",19.18,21.65
2,"15dec_D72_1",10.483,13.523
2,"15dec_D72_1",14.76,18.516
3,"14dec_D63_1",7.106,12.773
3,"14dec_D64_1",12.66,15.57
3,"14dec_D65_2",11.74,18.27
3,"14dec_D71_1",11.376,17.07
3,"14dec_D71_2",9.587,36.62
3,"14dec_D72_1",17.53,20.31
3,"14dec_D72_2",1.66,15.44
3,"14dec_D73_1",4,13.36
3,"14dec_D73_2",20.44,22.825
3,"14dec_D73_2",27.46,34.31
3,"14dec_D73_2",36.18,39.78
3,"14dec_D74_1",3.48,9.26
3,"14dec_D74_2",1.71,14.8
3,"14dec_D74_2",21.16,30.19
3,"14dec_K11_1",0,8.76
3,"14dec_K22_1",87.57,93.07
3,"14dec_K22_2",5.52,14.24
3,"14dec_K32_2",13.14,19.55
3,"14dec_K33_2",14.11,18.47
3,"14dec_K33_2",22.77,25.53
3,"14dec_K33_2",74.257,82.77
3,"14dec_K33_2",86.52,88.48
3,"14dec_K41_1",251.11,255.15
3,"14dec_K41_2",110.54,112.81
3,"14dec_K51_1",9.29,24.79
3,"14dec_K52_1",5.88,7.7
3,"14dec_K52_1",12.717,16.72
3,"14dec_K52_1",41.22,46.38
3,"14dec_K54_1",7.5,14.86
3,"14dec_K54_1",19.82,23.53
3,"14dec_K61_2",7.13,33.31
3,"14dec_K62_1",25.95,27.636
3,"14dec_K62_2",7.25,27.73
3,"14dec_K63_2",4.02,33.198
3,"15dec_D12_1",9.58,14.96
3,"15dec_D12_1",97.4,105.69
3,"15dec_D21_1",170.397,177.47
3,"15dec_D41_2",12.25,28.45
3,"15dec_D41_2",138.76,142.22
3,"15dec_D51_2",25.918,35.85
3,"15dec_D51_2",52.65,59.39
3,"15dec_D52_2",19.27,36.18
3,"15dec_D53_2",7.36,67.82
3,"15dec_D54_1",16.34,20.67
3,"15dec_D54_2",3.177,72.62
3,"15dec_D61_1",8.85,14.35
3,"15dec_D61_2",16.56,22.17
3,"15dec_D62_1",41.36,49.18
3,"15dec_D62_2",48.09,52.46
3,"15dec_D63_2",14.95,17.06
3,"15dec_D71_1",5.28,36.535
3,"15dec_D71_2",3.34,36.58
3,"15dec_D72_1",10.53,50.54
3,"15dec_D72_2",9.83,50.28
3,"15dec_D73_1",4.39,35.89
3,"15dec_D73_2",2.91,35.92
3,"15dec_K11_1",42.51,48.03
3,"15dec_K12_1",4.48,8.1
3,"15dec_K12_2",12.842,20.53
3,"15dec_K13_1",2.41,8.32
3,"15dec_K14_1",2.757,11.25
3,"15dec_K21_2",9.61,13.78
3,"15dec_K32_2",18.8,21.1
3,"15dec_K41_2",2.8,32.16
3,"15dec_K42_2",16.8,19.41
3,"15dec_K45_2",46.87,51.45
3,"15dec_K51_1",11.62,45.1
3,"15dec_K51_2",13.08,27.36
3,"15dec_K52_1",6.01,41.97
3,"15dec_K53_1",11.53,44.47
3,"15dec_K53_2",2.92,44.27
3,"15dec_K54_1",34.87,81.54
3,"15dec_K55_1",8.26,40.32
3,"15dec_K61_1",10.23,17.15
3,"15dec_K61_2",10.08,50.16
3,"15dec_K62_1",20.84,24.91
3,"15dec_K62_2",15.34,42.39
4,"14dec_N15_1",5.556,10.515
4,"14dec_N15_2",25.619,28.361
4,"14dec_N17_1",15.83,18.028
4,"14dec_N21_1",4.368,7.06
4,"14dec_N21_1",26.369,29.149
4,"14dec_N25_1",3.276,6.043
4,"15dec_D12_1",38.238,41.87
4,"15dec_D12_1",117.136,120.566
4,"15dec_D21_1",79.01,81.976
4,"15dec_D31_1",78.661,81.35
4,"15dec_D31_2",66.768,69.99
4,"15dec_D33_1",8.093,13.744
4,"15dec_D41_2",22.585,28.855
4,"15dec_D41_2",138.178,141.661
4,"15dec_D51_2",28,32.5
4,"15dec_D51_2",53.92,60.122
4,"15dec_D52_1",15.942,22.062
4,"15dec_D52_2",17.78,22.18
4,"15dec_D52_2",47.812,51.643
4,"15dec_D53_2",9.195,12.949
4,"15dec_D53_2",37.386,41.424
4,"15dec_D54_1",16.548,20.02
4,"15dec_D54_2",17.04,19.67
4,"15dec_D54_2",38.984,45.07
4,"15dec_D61_1",9.167,12.54
4,"15dec_D61_2",6.57,10.81
4,"15dec_D61_2",17.119,23.429
4,"15dec_D62_1",41.89,45.198
4,"15dec_D62_2",43.256,47.961
4,"15dec_D63_1",8.055,11.117
4,"15dec_D63_2",13.717,16.852
4,"15dec_D71_1",5.305,11.262
4,"15dec_D71_1",15.471,19.188
4,"15dec_D71_1",29.553,32.939
4,"15dec_D71_2",3.655,7.53
4,"15dec_D71_2",23.143,26.514
4,"15dec_D72_1",10.975,15.03
4,"15dec_D72_1",20.749,24.67
4,"15dec_D72_2",10.623,14.753
4,"15dec_D72_2",25.904,28.882
4,"15dec_D72_2",35.603,43.54
4,"15dec_D73_1",4.77,8.388
4,"15dec_D73_1",9.274,14.336
4,"15dec_D73_1",22.242,25.894
4,"15dec_D73_2",3.912,9.95
4,"15dec_D73_2",15.588,19.568
4,"15dec_D73_2",23.197,27.436
4,"15dec_K11_1",49.113,53.735
4,"15dec_K11_2",44.739,48.863
4,"15dec_K11_2",55.009,58.34
4,"15dec_K12_1",2.66,5.09
4,"15dec_K12_2",14.313,18.384
4,"15dec_K13_1",2.617,6.318
4,"15dec_K13_1",8.525,11.936
4,"15dec_K13_2",2.814,5.532
4,"15dec_K13_2",14.757,17.477
4,"15dec_K14_1",3.268,7.03
4,"15dec_K14_2",5.686,7.947
4,"15dec_K14_2",13.873,20.142
4,"15dec_K21_2",9.43,13.671
4,"15dec_K22_2",6.149,11.967
4,"15dec_K32_1",38.438,40.96
4,"15dec_K32_2",18.284,21.722
4,"15dec_K33_1",20.745,23.553
4,"15dec_K34_1",38.028,41.339
4,"15dec_K34_1",44.55,46.61
4,"15dec_K34_2",20.69,23.069
4,"15dec_K41_1",29.055,31.878
4,"15dec_K41_2",3.501,15.34
4,"15dec_K41_2",28.493,33.123
4,"15dec_K41_2",41.854,45.274
4,"15dec_K42_2",1.701,4.822
4,"15dec_K42_2",15.541,18.93
4,"15dec_K44_2",3.758,7.617
4,"15dec_K45_2",22.756,25.023
4,"15dec_K51_1",8.584,13.705
4,"15dec_K51_1",22.011,26.619
4,"15dec_K51_1",31.055,35.065
4,"15dec_K51_1",39.217,44.141
4,"15dec_K51_2",21.113,24.217
4,"15dec_K51_2",32.992,37.67
4,"15dec_K52_1",5.859,9.955
4,"15dec_K52_1",18.733,24.594
4,"15dec_K52_1",29.702,35.618
4,"15dec_K53_1",6.097,12.04
4,"15dec_K53_1",17.058,24.82
4,"15dec_K53_2",2.88,5.004
4,"15dec_K53_2",27.17,31.045
4,"15dec_K54_1",35.458,42.144
4,"15dec_K54_1",51.876,56.344
4,"15dec_K54_1",65.01,67.762
4,"15dec_K54_2",45.41,48.076
4,"15dec_K55_1",3.394,14.53
4,"15dec_K55_1",22.3,26.391
4,"15dec_K55_1",31.774,38.224
4,"15dec_K61_1",9.54,15.305
4,"15dec_K61_1",19.026,22.81
4,"15dec_K61_2",10.948,18.237
4,"15dec_K61_2",29.7,32.479
4,"15dec_K61_2",38.749,43.64
4,"15dec_K62_1",21.358,26.993
4,"15dec_K62_1",31.978,36.256
4,"15dec_K62_2",15.433,21.626
4,"15dec_K62_2",25.91,35.73
4,"15dec_K63_1",6.669,14.145
4,"15dec_K63_1",20.56,24.218
4,"15dec_K63_1",30.425,35.358
4,"15dec_K63_2",15.277,24.542
4,"15dec_K63_2",28.42,33.058
4,"15dec_K63_2",34.736,38
4,"15dec_K63_2",42.616,45.578
4,"16dec_D21_1",10.369,13.466
4,"16dec_D22_1",5.154,8.985
4,"16dec_D22_1",10.76,15.019
4,"16dec_D22_1",25.406,28.67
4,"16dec_D23_1",8.04,15.49
4,"16dec_D23_2",17.1,24.239
4,"16dec_D24_1",16.89,22.213
4,"16dec_D24_2",18.89,22.18
4,"16dec_D41_2",15.862,22.675
4,"16dec_D41_2",37.338,40.881
4,"16dec_D42_2",5.629,9.482
4,"16dec_D43_2",5.06,7.16
4,"16dec_D51_1",17.513,20.723
4,"16dec_D61_2",10.081,14.308
4,"16dec_D62_2",7.19,9.814
4,"16dec_D71_1",3.429,7.033
4,"16dec_D71_1",14.161,18.373
4,"16dec_D71_1",24.775,27.791
4,"16dec_D71_2",2.28,12.15
4,"16dec_D71_2",16.088,20.976
4,"16dec_D71_2",31.45,34.104
4,"16dec_D72_1",3.075,8.17
5,"15dec_D72_2",9.908,12.315
5,"15dec_D72_2",21.899,24.701
5,"15dec_D72_2",25.813,26.51
5,"15dec_D72_2",35.417,39.341
5,"15dec_D72_2",43.015,46.701
5,"15dec_D73_1",1.32,2.44
5,"15dec_D73_1",4.717,9.018
5,"15dec_D73_2",3.763,7.86
5,"15dec_D73_2",12.866,14.581
5,"15dec_D73_2",15.746,17.137
5,"15dec_D73_2",18.237,19.177
5,"15dec_D73_2",23.084,23.905
5,"15dec_K11_1",42.696,45.428
5,"15dec_K11_2",45.017,55.26
5,"15dec_K12_1",2.842,4.7
5,"15dec_K12_1",5.087,10.004
5,"15dec_K12_2",7.54,13.787
5,"15dec_K13_1",2.28,6.729
5,"15dec_K13_2",1.89,5.822
5,"15dec_K13_2",5.862,7.462
5,"15dec_K13_2",7.485,11.556
5,"15dec_K14_1",0.36,11.854
5,"15dec_K14_2",13.427,19.912
5,"15dec_K21_2",9.715,13.84
5,"15dec_K31_2",30.069,31.037
5,"15dec_K32_1",2.57,7.919
5,"15dec_K32_1",38.197,41.235
5,"15dec_K32_2",18.714,27.93
5,"15dec_K34_1",38.655,40.4
5,"15dec_K34_1",44.84,45.98
5,"15dec_K34_2",19.62,25.84
5,"15dec_K34_2",32.17,32.96
5,"15dec_K41_2",12.252,24.848
5,"15dec_K41_2",32.014,33.99
5,"15dec_K45_2",22.586,24.102
5,"15dec_K51_1",7.21,16.61
5,"15dec_K51_1",21.64,35.357
5,"15dec_K51_1",35.357,45.16
5,"15dec_K51_2",33.08,34.822
5,"15dec_K51_2",38.65,39.998
5,"15dec_K52_1",5.928,15.299
5,"15dec_K52_1",19.038,26.074
5,"15dec_K52_1",26.658,42.796
5,"15dec_K52_2",21.65,23.355
5,"15dec_K52_2",31.546,34.816
5,"15dec_K52_2",35.71,39.254
5,"15dec_K53_1",12.07,15.256
5,"15dec_K54_1",35.078,40.515
5,"15dec_K54_1",42.055,44.43
5,"15dec_K54_1",51.3,58.985
5,"15dec_K54_1",64.592,69.443
5,"15dec_K54_2",44.762,46.148
5,"15dec_K55_1",2.883,11.79
5,"15dec_K55_1",14.449,30.89
5,"15dec_K55_1",32.268,39.137
5,"15dec_K55_2",16.65,17.983
5,"15dec_K61_1",23.711,26.79
5,"15dec_K61_2",10.396,22.82
5,"15dec_K61_2",22.87,37.42
5,"15dec_K61_2",39.37,50.283
5,"15dec_K62_2",16.016,42.62
5,"15dec_K63_2",15.435,42.57
5,"15dec_K63_2",42.652,48.37
5,"16dec_D12_1",14.02,23.672
5,"16dec_D21_1",9.559,12.327
5,"16dec_D21_1",22.84,25.64
5,"16dec_D21_2",29.489,29.991
5,"16dec_D23_1",2.483,4.82
5,"16dec_D23_1",5.28,11.663
5,"16dec_D23_1",12.542,18.502
5,"16dec_D23_1",18.58,30.242
5,"16dec_D24_1",13.654,16.63
5,"16dec_D24_1",18.35,20.14
5,"16dec_D24_1",27.998,32.6
5,"16dec_D24_1",41.93,48.67
5,"16dec_D24_2",45.95,50.118
5,"16dec_D31_1",10.74,13.48
5,"16dec_D32_1",14.49,22.559
5,"16dec_D32_1",28.12,34.18
5,"16dec_D33_1",43.17,46.74
5,"16dec_D41_1",60.65,69.215
5,"16dec_D41_2",9.82,12.12
5,"16dec_D41_2",15.466,18.42
5,"16dec_D41_2",18.97,27.59
5,"16dec_D42_2",5.594,9.237
5,"16dec_D51_1",25.61,27.492
5,"16dec_D51_1",32.01,39.943
5,"16dec_D52_1",23.9,30.411
5,"16dec_D53_1",19.24,20.655
5,"16dec_D61_2",8.919,13.435
5,"16dec_D62_2",6.603,8.892
5,"16dec_D62_2",27.724,30.375
5,"16dec_D64_2",15.19,16.936
5,"16dec_D71_1",3.51,9.593
5,"16dec_D71_1",12.517,16.963
5,"16dec_D71_1",18.359,27.115
5,"16dec_D71_1",33.148,34.017
5,"16dec_D71_2",2.235,12.31
5,"16dec_D71_2",16.519,19.553
5,"16dec_D71_2",23.425,26.904
5,"16dec_D71_2",28.42,34.34
5,"16dec_D72_1",3.903,7.02
5,"16dec_D72_2",1.71,6.67
5,"16dec_D73_1",4.34,8.211
5,"16dec_D73_1",9.628,16.729
5,"16dec_D73_1",18.314,24.135
5,"16dec_D73_1",30.075,36.643
5,"16dec_D73_2",2.49,17.8
5,"16dec_D73_2",18.923,36.52
5,"16dec_K11_1",1.461,10.34
5,"16dec_K11_2",2.83,6.082
5,"16dec_K13_2",32.69,33.54
5,"16dec_K13_2",35.38,36.09
5,"16dec_K14_1",0,2.201
5,"16dec_K32_2",4.33,7.382
5,"16dec_K32_2",12.325,15.337
5,"16dec_K33_2",15.26,20.015
5,"16dec_K41_1",23.791,26.16
5,"16dec_K51_1",1.61,37.537
5,"16dec_K52_1",2.188,20.581
5,"16dec_K52_1",21.058,44.71
5,"16dec_K52_2",12.759,16.059
5,"16dec_K52_2",20.434,31.33
5,"16dec_K53_1",12.17,12.701
5,"16dec_K53_1",12.704,22.132
5,"16dec_K53_1",22.963,31.502
5,"16dec_K53_1",31.657,37.528
5,"16dec_K53_2",17.835,20.079
5,"16dec_K53_2",29.658,32.324
5,"16dec_K61_2",2.02,20.95
5,"16dec_K61_2",21.048,34.454
5,"16dec_K61_2",34.737,36.281
5,"16dec_K62_2",1.41,18.71
5,"16dec_K62_2",18.78,22.844
5,"16dec_K63_1",4.11,7.6
5,"16dec_K63_1",9.769,13.997
5,"16dec_K63_1",35.86,41.97
5,"16dec_K63_2",4.81,14.301
5,"16dec_K63_2",14.372,21.604
5,"16dec_K63_2",21.899,37.37
5,"16dec_K63_2",40.166,46.49
5,"16dec_K64_1",25.026,34.62
6,"15dec_K63_2",15.236,20.371
6,"16dec_D23_1",7.31,26.72
6,"16dec_D24_1",13.99,50.1
6,"16dec_D41_2",17.7,38.01
6,"16dec_D42_2",6.3,18.91
6,"16dec_D51_1",35.92,39.31
6,"16dec_D53_2",16.911,20.24
6,"16dec_D61_2",9.61,27.22
6,"16dec_D62_2",27.39,33.42
6,"16dec_D71_1",6,22.51
6,"16dec_D71_1",25.554,30.2
6,"16dec_D71_2",2.01,34.02
6,"16dec_D72_2",2.6,7.39
6,"16dec_D73_1",5.01,8.03
6,"16dec_D73_1",11.41,23.21
6,"16dec_D73_1",26.83,35.79
6,"16dec_D73_2",3.408,35.4
6,"16dec_K11_1",2.01,8.3
6,"16dec_K33_2",15.6,19.21
6,"16dec_K41_1",23.56,26.92
6,"16dec_K43_1",18.1,25.01
6,"16dec_K51_1",1.3,25.3
6,"16dec_K51_1",32.41,37.02
6,"16dec_K51_2",4.3,10.63
6,"16dec_K51_2",25.72,29.02
6,"16dec_K52_1",7.71,16.49
6,"16dec_K52_1",24.29,42.31
6,"16dec_K52_2",14,31.91
6,"16dec_K53_1",11.99,16.9
6,"16dec_K53_1",22,28.49
6,"16dec_K53_1",31.49,35.61
6,"16dec_K53_2",42.8,45.5
6,"16dec_K61_2",7.8,19.8
6,"16dec_K61_2",25.28,37.02
6,"16dec_K62_2",7.712,20.7
6,"16dec_K63_2",10.62,32.01
6,"16dec_K63_2",42.02,45.54
6,"16dec_K64_2",3.67,16.42
6,"16dec_K64_2",17.4,21.57
6,"16dec_K64_2",32.301,38.03
6,"16dec_O21_2",15.01,23.02
6,"16dec_O21_2",26.52,35.42
6,"16dec_O21_2",49.52,54.72
6,"19dec_D13_1",9.82,12.82
6,"19dec_D21_1",10,13.61
6,"19dec_D31_1",13,16.81
6,"19dec_D71_1",3.98,13.3
6,"19dec_D71_1",30,37.82
7,"16dec_D72_2",1.74,8
7,"16dec_D73_1",2.43,37.124
7,"16dec_D73_2",2.48,36.86
7,"16dec_K11_1",1.28,23.759
7,"16dec_K11_2",1.733,17.009
7,"16dec_K11_2",19.559,24.477
7,"16dec_K11_2",33.91,41.87
7,"16dec_K12_2",15.313,19.39
7,"16dec_K13_2",20.76,22.42
7,"16dec_K14_1",1.12,6.03
7,"16dec_K14_2",2.43,37.124
7,"16dec_K21_1",15.645,24.46
7,"16dec_K21_2",4.16,7.001
7,"16dec_K23_1",22.91,30.42
7,"16dec_K24_1",8.697,27.59
7,"16dec_K24_1",30.79,34.332
7,"16dec_K24_2",33.091,39.34
7,"16dec_K31_1",9.821,13.247
7,"16dec_K31_1",15.901,18.905
7,"16dec_K32_1",19.827,22.62
7,"16dec_K32_1",32.204,38.11
7,"16dec_K32_2",3.783,5.633
7,"16dec_K32_2",12.193,15.35
7,"16dec_K33_1",17.464,18.794
7,"16dec_K33_1",31.66,32.368
7,"16dec_K33_2",15.56,19.928
7,"16dec_K33_2",52.55,56.258
7,"16dec_K41_1",23.709,25.469
7,"16dec_K41_2",3.54,8.06
7,"16dec_K46_2",12.18,13.87
7,"16dec_K46_2",28.17,30.33
7,"16dec_K51_1",1.1,37.419
7,"16dec_K51_2",3.79,10.941
7,"16dec_K51_2",22.94,29.24
7,"16dec_K51_2",30.62,37.42
7,"16dec_K52_1",3.46,39.56
7,"16dec_K52_1",41.62,44.37
7,"16dec_K52_2",6.31,34.86
7,"16dec_K53_1",11.703,19.7
7,"16dec_K53_1",21.02,36.09
7,"16dec_K53_2",8.267,12.45
7,"16dec_K53_2",17.512,18.36
7,"16dec_K53_2",26.945,29.22
7,"16dec_K53_2",42.55,45.7
7,"16dec_K61_1",1.02,12.24
7,"16dec_K61_2",3.48,16.46
7,"16dec_K61_2",17.62,37.3
7,"16dec_K62_1",1.6,9.52
7,"16dec_K62_1",13.61,14.66
7,"16dec_K62_2",5.66,11.33
7,"16dec_K62_2",12.107,20.57
7,"16dec_K63_1",4.17,7.62
7,"16dec_K63_1",10.14,12.93
7,"16dec_K63_1",23.57,28.92
7,"16dec_K63_1",30.15,33.15
7,"16dec_K63_1",34.99,37.79
7,"16dec_K63_2",4.58,40.95
7,"16dec_K63_2",41.44,45.95
7,"16dec_K64_1",24.52,29.25
7,"16dec_K64_1",33.99,35.11
7,"16dec_K64_2",2.04,8.95
7,"16dec_K64_2",9.249,18.38
7,"16dec_K64_2",20.03,35.37
7,"16dec_N12_2",37,37.64
7,"16dec_O12_1",4.81,9.65
7,"16dec_O21_2",3.7,35.35
7,"16dec_O21_2",47.001,61.31
7,"16dec_O21_2",67.17,76.61
7,"16dec_O21_2",80.5,84.86
7,"19dec_D11_1",5.611,16.711
7,"19dec_D12_1",1.62,10.042
7,"19dec_D13_1",8.37,13.159
7,"19dec_D21_1",7.975,19.869
7,"19dec_D21_1",25.28,28.757
7,"19dec_D21_1",29.38,38.928
7,"19dec_D22_1",8.83,32.27
7,"19dec_D22_1",35.65,37.187
7,"19dec_D23_1",15.74,41.72
7,"19dec_D31_1",3.22,17.16
7,"19dec_D31_1",22.42,31.21
7,"19dec_D32_1",2.2,7.467
7,"19dec_D32_1",18.28,20.438
7,"19dec_D33_1",5.65,8.848
7,"19dec_D51_1",4.12,12.48
7,"19dec_D51_1",24.18,27.42
7,"19dec_D51_1",31.144,33.34
7,"19dec_D52_1",24.228,25.239
7,"19dec_D52_1",31.59,33.53
7,"19dec_D52_2",33.977,41.17
7,"19dec_D52_2",45.636,47.26
7,"19dec_D61_1",1.88,18.2
7,"19dec_D61_1",29.57,32.41
7,"19dec_D61_1",38.25,40.76
7,"19dec_D61_2",21.606,30.41
7,"19dec_D61_2",34.44,38.97
7,"19dec_D62_1",5.68,24.13
7,"19dec_D62_2",18.74,26.6
7,"19dec_D63_1",6.59,18.44
7,"19dec_D63_2",19.49,26.86
7,"19dec_D71_1",2.06,20.98
7,"19dec_D71_1",22.08,24.483
7,"19dec_D71_1",29.831,37.87
7,"19dec_D71_2",1.95,30.03
7,"19dec_D71_2",32.17,36.86
7,"19dec_D72_1",5.58,42.452
7,"19dec_D72_1",44.18,57.8
7,"19dec_D72_2",5.07,51.967
7,"19dec_D73_1",2.53,17.379
7,"19dec_D73_1",18.74,29.39
7,"19dec_D73_1",32.77,42.74
7,"19dec_D73_2",2.93,13.43
7,"19dec_D73_2",15.78,42.72
7,"19dec_K11_1",5.09,9.85
7,"19dec_K11_2",7.098,29.19
7,"19dec_K11_2",31.01,33.66
7,"19dec_K12_1",1.807,4.267
7,"19dec_K12_2",4.64,15.48
7,"19dec_K12_2",23,25.42
7,"19dec_K13_1",1.64,8.841
7,"19dec_K13_2",5.4,17.66
7,"19dec_K21_2",4.74,9.28
7,"19dec_K22_2",3.821,7.451
7,"19dec_K23_2",1.6,5.33
7,"19dec_K31_1",12.25,14.372
7,"19dec_K31_1",15.349,21.25
7,"19dec_K31_2",17.78,20.95
7,"19dec_K32_1",7.278,9.13
7,"19dec_K32_1",31.627,32.48
7,"19dec_K32_2",9.079,12.8
7,"19dec_K41_1",31.63,34.17
7,"19dec_K41_2",1.51,12.454
7,"19dec_K41_2",17.976,22.14
7,"19dec_K41_2",27.82,30.05
7,"19dec_K41_2",33.591,34.73
7,"19dec_K42_1",10.802,13.23
7,"19dec_K43_1",29.3,33.23
7,"19dec_K43_1",34.439,40.505
7,"19dec_K43_2",41.819,47.6
7,"19dec_K51_1",1.41,13.493
7,"19dec_K51_1",14.716,20.06
7,"19dec_K51_1",26.663,32.22
7,"19dec_K51_1",33.044,44.77
7,"19dec_K51_2",21.7,22.779
7,"19dec_K52_1",10.891,18.028
7,"19dec_K52_1",20.4,25.492
7,"19dec_K52_2",20.998,24.475
7,"19dec_K52_2",26.388,27.82
7,"19dec_K53_1",1.5,15.02
7,"19dec_K53_1",22.921,25.182
7,"19dec_K53_1",30.01,36.009
7,"19dec_K53_1",50.12,59.883
7,"19dec_K53_1",60.921,65.938
7,"19dec_K53_1",71.114,78.36
7,"19dec_K53_2",17.67,20.21
7,"19dec_K53_2",62.04,63.7
7,"19dec_K61_1",6.37,13.69
7,"19dec_K61_1",15.49,17.69
7,"19dec_K61_2",6.47,11.14
7,"19dec_K61_2",14.56,26.99
7,"19dec_K61_2",28.56,30.73
7,"19dec_K62_1",12.95,16.79
7,"19dec_K62_1",21.77,23.18
7,"19dec_K62_1",25.43,34.08
7,"19dec_K62_1",34.97,38.74
7,"19dec_K62_1",44.268,50.47
7,"19dec_K62_2",5.36,37.64
7,"19dec_K62_2",40.054,47.25
7,"19dec_K63_1",9.021,14.15
7,"19dec_K63_1",16.54,21.52
7,"19dec_K63_1",22.943,27.67
7,"19dec_K63_1",29.956,33.36
7,"19dec_K63_2",4.28,24.25
7,"19dec_K63_2",29.793,39.37
7,"19dec_K64_1",28.84,33.87
7,"19dec_K64_2",4.92,28.67
7,"19dec_K64_2",32.53,39.73
8,"16dec_K64_2",2.32,9
8,"16dec_K64_2",11.14,16.53
8,"16dec_K64_2",17.72,21.56
8,"16dec_K64_2",31.49,38.83
8,"16dec_O21_2",18.39,22.21
8,"16dec_O21_2",49.3,59.25
8,"19dec_D13_1",7.51,10.44
8,"19dec_D22_1",9.01,19.62
8,"19dec_D23_1",7.09,12
8,"19dec_D23_1",22.09,29.03
8,"19dec_D23_1",32.76,35.54
8,"19dec_D33_1",6.65,8.76
8,"19dec_D71_1",2.89,24.58
8,"19dec_D71_1",25,38.53
8,"19dec_D71_2",20.42,24.02
8,"19dec_D72_1",13.08,19.48
8,"19dec_D72_1",23.98,39.86
8,"19dec_D72_1",49.65,57.8
8,"19dec_D72_2",21.13,25.22
8,"19dec_D72_2",30.58,36.54
8,"19dec_D72_2",49.15,57.44
8,"19dec_D73_1",0.18,4.76
8,"19dec_D73_1",9.09,25.92
8,"19dec_D73_1",26.69,42.73
8,"19dec_D73_2",11.08,17.86
8,"19dec_D73_2",21.77,42.71
8,"19dec_K51_1",1.99,25.57
8,"19dec_K52_1",2.03,31.62
8,"19dec_K53_1",11.47,25.8
8,"19dec_K53_1",29.82,41.02
8,"19dec_K53_1",53.68,60.02
8,"19dec_K53_1",64.77,78.36
8,"19dec_K61_1",1.89,14.05
8,"19dec_K61_1",15.44,33.32
8,"19dec_K61_2",5.83,33.33
8,"19dec_K62_1",2.52,8.66
8,"19dec_K62_1",25.48,27.52
8,"19dec_K62_1",37.51,50.44
8,"19dec_K63_2",12.16,25.46
8,"19dec_K64_2",10.06,39.73
8,"19dec_N13_1",2.49,5.29
8,"22dec_D21_1",5.28,8.36
8,"22dec_D21_1",11.78,22.87
8,"22dec_D23_1",2.74,5.69
8,"22dec_D23_1",11.23,16.3
8,"22dec_D35_1",4.3,8.61
8,"22dec_D35_2",50.31,53.26
8,"22dec_D42_2",7.63,9.26
8,"22dec_D43_2",10.01,18.81
8,"22dec_D62_2",8.6,19
8,"22dec_D71_1",10.4,46.7
8,"22dec_D71_2",12.3,45.7
8,"22dec_D72_1",7.8,46.56
9,"19dec_D71_2",2.72,37.11
9,"19dec_D72_1",7.09,42.2
9,"19dec_D72_1",49.47,57.8
9,"19dec_D72_2",5.03,57.561
9,"19dec_D73_1",3.15,25.74
9,"19dec_D73_1",32.82,42.69
9,"19dec_D73_2",1.33,42.605
9,"19dec_K11_1",4.35,12.47
9,"19dec_K13_1",1.77,8.3
9,"19dec_K51_1",5.86,44.72
9,"19dec_K52_1",15.66,31.57
9,"19dec_K53_1",11.33,35.99
9,"19dec_K53_1",52.83,78.3
9,"19dec_K61_2",17.74,33.3
9,"19dec_K62_2",14.29,50.42
9,"19dec_K63_2",7.41,21.88
9,"19dec_K64_2",9.98,39.72
9,"22dec_D21_1",12.51,16.96
9,"22dec_D21_1",22.48,25.74
9,"22dec_D21_1",32.87,34.39
9,"22dec_D21_1",36.22,37.64
9,"22dec_D22_1",10.38,12.72
9,"22dec_D22_1",28.388,32.065
9,"22dec_D22_1",37.56,41.54
9,"22dec_D22_1",46.316,47.396
9,"22dec_D23_1",13.04,16.12
9,"22dec_D41_2",12.633,24.048
9,"22dec_D42_2",18.122,25.514
9,"22dec_D43_2",9.716,18.597
9,"22dec_D62_2",8.365,16.977
9,"22dec_D63_1",11.053,23
9,"22dec_D63_2",6.747,13.477
9,"22dec_D71_1",11.24,25.51
9,"22dec_D71_1",30.44,49.92
9,"22dec_D71_2",23.209,28.92
9,"22dec_D72_1",7.492,14.06
9,"22dec_D72_1",19.852,31.17
9,"22dec_D72_2",7.98,13.41
9,"22dec_D73_1",6.762,16.246
9,"22dec_K51_1",12.813,38.53
9,"22dec_K52_1",18.709,41.86
9,"22dec_K53_1",11.22,28.2
9,"22dec_K53_1",38.61,46.91
9,"22dec_K54_1",16.591,48.736
9,"22dec_K54_1",69.27,75.564
9,"22dec_K61_2",17.821,29.977
9,"22dec_K61_2",34.509,50.951
9,"22dec_K62_1",48.24,52.39
9,"22dec_K62_2",33.882,77.632
10,"10dec_D31_1",6.16,7.56
10,"10dec_D41_2",19.556,23.24
10,"10dec_D43_2",9.148,11.55
10,"10dec_D43_2",27.48,31.4
10,"10dec_D51_1",22.487,26.494
10,"10dec_D62_2",28.95,29.58
10,"10dec_D64_2",28.991,30.08
10,"10dec_D71_1",23.728,25.31
10,"10dec_D71_2",5.829,7.6
10,"10dec_D71_2",11.514,12.383
10,"10dec_D71_2",14.539,28.77
10,"10dec_D72_1",19.11,20.21
10,"10dec_D72_2",4.008,14.11
10,"10dec_D72_2",15.712,31.06
10,"10dec_K12_1",5.713,12.71
10,"10dec_K21_1",12.37,13.25
10,"10dec_K21_2",23.174,25.26
10,"10dec_K31_1",16.656,17.75
10,"10dec_K41_1",2.68,4.095
10,"10dec_K41_1",26.602,27.45
10,"10dec_K41_2",28.807,29.618
10,"10dec_K42_1",0.74,6.01
10,"10dec_K42_1",9.24,12.327
10,"10dec_K42_1",24.905,25.38
10,"10dec_K42_1",27.43,29.731
10,"22dec_D11_2",24.99,26.08
10,"22dec_D12_2",30.409,35.27
10,"22dec_D21_1",13.78,15.389
10,"22dec_D21_1",22.835,26.28
10,"22dec_D22_1",8.609,11.43
10,"22dec_D22_1",28.237,32
10,"22dec_D22_1",45.45,46.09
10,"22dec_D23_1",3.492,13.67
10,"22dec_D34_1",9.637,12.688
10,"22dec_D34_1",29.79,33.38
10,"22dec_D35_1",29.121,32.106
10,"22dec_D35_2",50.237,52.44
10,"22dec_D41_2",12.313,18.7
10,"22dec_D41_2",20.08,34.26
10,"22dec_D41_2",36.21,37.32
10,"22dec_D42_2",18.634,26.419
10,"22dec_D42_2",42.99,45.45
10,"22dec_D43_2",9.538,12.65
10,"22dec_D43_2",29.28,32.077
10,"22dec_D44_2",39.059,42.918
10,"22dec_D51_1",18.15,21.11
10,"22dec_D51_1",39.712,49.45
10,"22dec_D52_1",11.99,15.404
10,"22dec_D53_1",25.28,27.04
10,"22dec_D53_1",44.456,47.444
10,"22dec_D53_1",51.945,62.06
10,"22dec_D54_1",19.114,20.254
10,"22dec_D54_1",24.449,26.41
10,"22dec_D55_1",19.224,20.014
10,"22dec_D61_1",48.284,50.169
10,"22dec_D62_1",24.447,32.769
10,"22dec_D64_1",18.547,20.717
10,"22dec_D71_1",9.911,36.706
10,"22dec_D71_1",41.028,46.401
10,"22dec_D71_2",9.66,16.036
10,"22dec_D72_1",7.104,16.953
10,"22dec_D72_2",6.66,28.072
10,"22dec_D73_1",6.22,17.809
10,"22dec_D73_2",4.21,9.324
10,"22dec_D73_2",17.93,20.67
10,"22dec_D73_2",33.07,35.662
10,"22dec_K12_1",3.78,7.725
10,"22dec_K13_1",6.981,16.553
10,"22dec_K31_1",32.887,37.411
10,"22dec_K32_1",7.316,9.963
10,"22dec_K33_1",1.88,5.08
10,"22dec_K33_1",13.56,16.41
10,"22dec_K33_1",27.997,30.67
10,"22dec_K33_2",12.028,15.357
10,"22dec_K33_2",18.647,20.745
10,"22dec_K33_2",32.058,33.918
10,"22dec_K34_1",10.451,16.045
10,"22dec_K34_1",25.81,27.78
10,"22dec_K34_2",14.668,17.016
10,"22dec_K34_2",22.228,27.766
10,"22dec_K42_2",20.511,23.481
10,"22dec_K43_2",10.126,16.32
10,"22dec_K51_1",8.733,10.233
10,"22dec_K51_1",13.375,17.335
10,"22dec_K51_1",25.859,32.117
10,"22dec_K51_1",35.455,38.538
10,"22dec_K52_1",16.421,22.381
10,"22dec_K52_1",27.435,43.008
10,"22dec_K53_1",4.88,8.173
10,"22dec_K53_1",11.153,16.095
10,"22dec_K53_1",22.36,28.781
10,"22dec_K54_1",17.451,39.911
10,"22dec_K54_1",51.83,62.464
10,"22dec_K54_1",65.977,68.257
10,"22dec_K54_1",70.471,74.131
10,"22dec_K61_1",36.849,38.079
10,"22dec_K61_2",18.48,30.36
10,"22dec_K62_2",35.268,42.306
10,"22dec_K62_2",46.948,53.677
10,"22dec_K62_2",63.901,65.935
10,"22dec_K62_2",68.771,72.439
10,"22dec_K62_2",76.54,78.24
10,"22dec_K63_2",16.19,19.24
10,"22dec_K63_2",33.335,37.437
11,"10dec_D11_1",109.71,116.254
11,"10dec_D11_1",119.269,122.363
11,"10dec_D11_1",146.833,150.767
11,"10dec_D11_1",204.15,208.22
11,"10dec_D11_1",223.1,234.48
11,"10dec_D31_1",6.398,13.374
11,"10dec_D41_1",22.24,22.997
11,"10dec_D41_2",17.17,17.897
11,"10dec_D42_2",9.088,10.758
11,"10dec_D51_1",7.044,11.548
11,"10dec_D52_2",2.02,5.22
11,"10dec_D62_1",0,29.788
11,"10dec_D63_1",4.926,7.78
11,"10dec_D63_2",16.42,16.99
11,"10dec_D64_1",1.71,5.42
11,"10dec_D64_2",1,20.673
11,"10dec_D64_2",20.673,36.14
11,"10dec_D71_1",17.743,20.83
11,"10dec_D71_1",24.116,29.9
11,"10dec_D71_2",4.13,29.09
11,"10dec_D72_1",22.503,24.784
11,"10dec_D72_2",2.236,31.06
11,"10dec_K12_1",4.44,13.642
11,"10dec_K12_2",5.771,10.75
11,"10dec_K12_2",10.75,10.753
11,"10dec_K21_1",2.31,6.64
11,"10dec_K21_1",12.514,14.26
11,"10dec_K21_1",25.827,28.849
11,"10dec_K21_2",12.892,12.9
11,"10dec_K21_2",12.9,17.16
11,"10dec_K41_1",1.07,4.808
11,"10dec_K41_2",7.48,12.06
11,"10dec_K42_2",2.824,5.03
11,"10dec_K42_2",8.44,10.469
11,"10dec_K42_2",23.55,30.48
11,"10dec_K51_2",3.4,10.9
11,"10dec_K51_2",20.87,26.771
11,"10dec_K53_1",8.392,10.292
11,"10dec_K53_2",2.505,7.76
11,"10dec_K61_1",27.675,30.9
11,"10dec_K61_2",2.82,30.9
11,"10dec_K71_1",9.628,10.54
11,"10dec_K71_2",3.082,22.035
11,"10dec_K72_2",0.973,0.98
11,"10dec_K72_2",0.98,30.88
11,"10dec_D11_2",193.313,197.325
11,"10dec_D11_2",297.52,308.141
11,"10dec_O15_2",6.854,17.049
11,"14dec_D41_1",5.461,20.501
11,"14dec_D41_2",15.941,25.301
11,"22dec_D72_2",5.271,27.99
11,"22dec_D73_1",6.801,32.301
11,"22dec_D73_2",2.741,36.041
11,"22dec_K12_1",1.942,7.783
11,"22dec_K31_2",44.641,45.99
11,"22dec_K32_2",44.601,49.72
11,"22dec_K34_1",25.741,28.201
11,"22dec_K34_2",21.601,26.781
11,"22dec_K51_1",13.881,27.04
11,"22dec_K52_1",17.961,45.121
11,"22dec_K53_1",3.73,15.801
11,"22dec_K53_1",23.081,27.881
11,"22dec_K54_1",18.011,34.241
11,"22dec_K54_1",48.261,57.36
11,"22dec_K54_1",57.36,75.79
11,"22dec_K61_2",18.481,51.905
11,"22dec_K62_2",22.341,81.56
11,"22dec_K63_2",16.401,42.081
12,"10dec_D71_2",4.32,14.23
12,"10dec_D71_2",24.23,29.88
12,"10dec_D72_1",19.33,19.95
12,"10dec_D72_2",7.95,11.39
12,"10dec_D72_2",24.14,31.04
12,"10dec_K12_2",5.55,8.45
12,"10dec_K61_2",12.31,15.49
12,"10dec_K61_2",22.96,26.14
12,"10dec_K71_2",8.76,16.12
12,"10dec_K71_2",17.713,19.643
12,"10dec_K71_2",26.263,31.103
12,"10dec_K72_2",7.07,28.68
12,"10dec_N11_2",328.33,330.62
12,"10dec_O15_1",29.87,30.98
12,"14dec_D22_1",6.976,9.436
12,"14dec_D22_1",20.358,23.498
12,"14dec_D22_1",24.659,26.299
12,"14dec_D33_1",9.76,10.8
12,"14dec_D34_1",9.246,12.906
12,"14dec_D64_1",13.533,17.875
12,"14dec_D71_1",15.475,17.095
12,"14dec_D71_2",14.087,16.807
12,"14dec_D71_2",26.144,29.384
12,"14dec_D71_2",29.829,30.949
12,"14dec_D72_1",2.6,4.48
12,"14dec_D72_1",16.93,18.73
12,"14dec_D72_2",3.15,8.22
12,"14dec_D72_2",14.755,15.915
12,"14dec_D73_1",7.34,10.94
12,"14dec_D73_2",3.14,4.17
12,"14dec_D73_2",20.129,21.789
12,"14dec_D73_2",27.006,33.046
12,"14dec_D74_1",2.74,7.6
12,"14dec_D74_1",11.066,12.986
12,"14dec_D74_2",1.86,14.921
12,"14dec_D74_2",21.2,27.26
12,"14dec_K11_1",2.24,4.72
12,"14dec_K12_1",10.74,14.72
12,"14dec_K12_2",10.837,12.997
12,"14dec_K13_1",5.142,8.562
12,"14dec_K22_2",5.51,8.36
12,"14dec_K22_2",166.244,171.09
12,"14dec_K32_2",11.36,13.26
12,"14dec_K33_2",74.918,79.918
12,"14dec_K41_2",110.469,112.789
12,"14dec_K51_1",9.578,12.163
12,"14dec_K51_1",23.56,24.7
12,"14dec_K52_1",6.25,7.71
12,"14dec_K52_1",12.53,16.69
12,"14dec_K52_1",21.997,33.93
12,"22dec_K63_2",16.388,29.248
12,"22dec_K63_2",33.168,41.748
12,"22dec_N15_1",52.451,101.42
13,"10dec_K61_2",7.009,30.9
13,"10dec_K71_2",7.798,33.68
13,"10dec_K72_2",7.344,30.88
13,"10dec_O14_1",9.911,16.851
13,"10dec_O14_1",21.331,34.302
13,"10dec_O15_1",12.664,16.921
13,"10dec_O17_1",7.961,21.606
13,"14dec_D13_1",7.301,9.581
13,"14dec_D22_1",7.006,9.443
13,"14dec_D22_1",24.667,26.161
13,"14dec_D31_1",6.523,12.801
13,"14dec_D32_1",5.829,12.371
13,"14dec_D33_1",9.761,10.796
13,"14dec_D34_1",9.26,16.091
13,"14dec_D41_2",15.381,20.794
13,"14dec_D42_2",7.963,9.177
13,"14dec_D43_2",8.02,10.711
13,"14dec_D62_1",5.766,9.031
13,"14dec_D63_1",7.3,12.76
13,"14dec_D64_1",11.041,16.398
13,"14dec_D65_1",3.701,13.633
13,"14dec_D65_2",11.403,18.255
13,"14dec_D71_1",11.045,24.515
13,"14dec_D71_1",29.708,32.569
13,"14dec_D71_2",9.741,36.671
13,"14dec_D72_1",3.317,29.797
13,"14dec_D72_2",1.701,22.333
13,"14dec_D73_1",4.08,23.158
13,"14dec_D73_1",27.9,28.364
13,"14dec_D73_1",34.721,39.82
13,"14dec_D73_2",3.021,39.8
13,"14dec_D74_1",2.67,17.037
13,"14dec_D74_2",1.721,38.42
13,"14dec_K21_2",7.901,12.07
13,"14dec_K22_2",5.541,15.971
13,"14dec_K22_2",89.281,92
13,"14dec_K51_1",9.486,21.201
13,"14dec_K51_1",24.001,38.081
13,"14dec_K52_1",6.125,46.551
13,"14dec_K54_1",7.807,34.031
13,"14dec_K61_2",7.301,33.509
13,"14dec_K62_2",6.082,27.79
13,"14dec_K63_2",4.283,33.675
13,"14dec_N21_1",4.422,7.355
13,"15dec_D12_1",9.686,13.637
13,"15dec_D21_1",44.528,59.155
13,"15dec_D21_1",78.449,80.359
13,"15dec_D33_1",6.084,16.879
13,"15dec_D41_2",12.484,28.779
13,"15dec_D41_2",138.901,140.151
13,"15dec_D51_2",29.759,64.834
14,"10dec_D11_1",106.352,107.911
14,"10dec_D11_1",203.382,207.264
14,"10dec_D11_1",213.162,214.486
14,"10dec_D31_1",6.48,7.947
14,"10dec_D31_1",15.16,16.04
14,"10dec_D61_2",15.33,20.85
14,"10dec_D62_2",29.05,31.01
14,"10dec_D63_1",4.85,6.55
14,"10dec_D64_2",28.93,30.83
14,"10dec_D71_1",23.8,25.75
14,"10dec_D71_2",4.908,7.933
14,"10dec_D71_2",13.29,28.96
14,"10dec_D72_1",19.162,20.899
14,"10dec_D72_2",10.55,15.131
14,"10dec_D72_2",17.83,24.783
14,"10dec_D72_2",25.595,31.07
14,"10dec_K21_1",12.54,14.35
14,"10dec_K41_2",8.29,10.26
14,"10dec_K42_1",9.76,12.57
14,"14dec_D42_2",7.94,8.91
14,"14dec_D43_2",8.07,9.26
14,"14dec_D51_1",2.76,34.97
14,"14dec_D52_1",22.99,24.93
14,"14dec_D52_1",63.16,64.33
14,"14dec_D52_1",74.35,75.26
14,"14dec_D52_2",11.37,12.87
14,"14dec_D53_1",20.78,22.83
14,"14dec_K54_1",7.84,9.7
14,"14dec_K54_1",11.572,14.26
14,"14dec_K54_1",17.25,23.46
14,"14dec_K61_1",25.764,27.29
14,"14dec_K61_2",7.19,27.87
14,"14dec_K61_2",29.04,33.25
14,"14dec_K62_1",25.81,27.267
14,"14dec_K62_2",7.13,10.29
14,"14dec_K62_2",16.72,21.902
14,"14dec_K63_1",10.95,12.45
14,"14dec_K63_2",4.3,15.48
14,"14dec_K63_2",17.707,20.15
14,"14dec_K63_2",22.83,26.84
14,"14dec_K63_2",30.258,33.091
14,"14dec_N21_1",4.26,5.7
14,"15dec_D21_1",50.86,54.15
14,"15dec_D21_1",168.88,175.42
14,"15dec_D21_1",176.778,179.686
14,"15dec_D41_1",164.92,168.63
14,"15dec_D41_2",12.31,26.24
14,"15dec_D51_2",26.4,64.87
14,"15dec_D52_2",6.63,56.99
14,"15dec_D53_1",32.18,35.65
14,"15dec_D53_1",38.134,41.21
14,"15dec_D53_1",50.31,53.168
14,"15dec_D53_1",55.712,67.42
14,"15dec_D53_2",6.72,15.17
14,"15dec_D53_2",16.79,29.67
14,"15dec_D53_2",32.35,38.45
14,"15dec_D53_2",39.835,41.985
14,"15dec_D53_2",43.75,67.56
14,"15dec_D54_1",18.528,21.51
14,"15dec_D54_2",17.395,72.64
14,"15dec_D61_1",5.85,14.07
14,"15dec_D61_2",3.31,22.4
14,"15dec_D62_1",41.286,45.18
14,"15dec_D62_2",34.09,48.25
14,"15dec_D62_2",48.264,58.49
14,"15dec_D63_1",6.177,12.03
14,"15dec_D63_2",15.045,17.67
14,"15dec_D63_2",20.86,56.712
14,"15dec_D71_1",5.38,36.88
14,"15dec_D71_2",3.476,36.6
14,"15dec_D72_1",10.42,24.06
14,"15dec_D72_1",25.8,33.82
14,"15dec_D72_1",36.08,50.54
14,"15dec_D72_2",9.77,50.25
14,"15dec_D73_1",4.83,35.77
14,"15dec_D73_2",2.64,31.73
14,"15dec_K11_2",43.57,58.201
14,"15dec_K12_2",3.95,18.63
14,"15dec_K13_2",2.81,5.284
14,"15dec_K14_1",4.49,9.88
14,"15dec_K21_2",9.69,14.248
14,"15dec_K31_2",4.439,9.67
14,"15dec_K31_2",29.88,32.391
14,"15dec_K31_2",34.33,36.451
14,"15dec_K31_2",38.02,44.91
14,"15dec_K32_2",18.75,23.56
14,"15dec_K34_1",9.614,11.597
14,"15dec_K34_1",44.65,45.81
14,"15dec_K41_1",10.52,22.95
14,"15dec_K41_2",2.52,15.16
14,"15dec_K41_2",26.83,29.504
14,"15dec_K41_2",32.08,42.52
14,"15dec_K45_1",19.73,23.935
14,"15dec_K45_2",22.76,37.23
14,"15dec_K45_2",44.778,51.22
14,"15dec_K51_1",11.743,44.74
14,"15dec_K51_2",6.67,18.568
14,"15dec_K51_2",23.95,27.26
15,"10dec_K52_2",7.27,8.28
15,"10dec_K61_1",24.24,24.82
15,"10dec_K61_2",7.388,12.26
15,"10dec_K61_2",16.68,20.205
15,"10dec_K61_2",22.263,24.863
15,"10dec_K71_2",17.74,19.82
15,"10dec_K71_2",22.81,26.134
15,"10dec_K71_2",29.26,31.39
15,"10dec_K72_2",9.25,13.73
15,"10dec_K72_2",19.09,23.11
15,"10dec_K72_2",29.037,30.88
15,"14dec_N21_1",4.22,5.82
15,"14dec_N21_1",49.27,49.96
15,"15dec_D41_1",165.098,167.106
15,"15dec_D41_2",12.37,13.05
15,"15dec_D41_2",17.78,21.03
15,"15dec_D41_2",26.651,28.031
15,"15dec_D41_2",28.631,29.84
15,"15dec_D41_2",138.82,141.68
15,"15dec_D41_2",142.162,143.17
15,"15dec_D51_2",52.81,59.2
15,"15dec_D61_1",8.82,10.34
15,"15dec_D61_1",14.49,16.46
15,"15dec_D61_2",16.84,18.25
15,"15dec_D62_1",41.53,44.18
15,"15dec_D62_2",48.35,50.46
15,"15dec_D63_2",15.13,16.94
15,"15dec_D71_1",5.64,8.28
15,"15dec_D71_1",25,27.29
15,"15dec_D71_2",4.09,5.83
15,"15dec_D72_1",10.75,18.48
15,"15dec_D72_2",9.72,12.17
15,"15dec_D72_2",35.28,39.25
15,"15dec_D73_1",4.7,11.05
15,"15dec_D73_2",3.56,5.92
15,"15dec_D73_2",12.79,14.66
15,"15dec_D73_2",15.88,18.99
15,"15dec_K12_2",13.61,18.75
15,"15dec_K13_2",2.82,5.08
15,"15dec_K13_2",13.68,16.53
15,"15dec_K14_1",2.01,6.879
15,"15dec_K14_1",7.46,9.73
15,"15dec_K14_2",14.08,18.78
15,"15dec_K21_2",9.7,13
15,"15dec_K31_1",35.3,36.61
15,"15dec_K32_1",29.13,29.93
15,"15dec_K32_1",38.08,39.31
15,"15dec_K32_2",18.77,20.91
15,"15dec_K34_1",44.72,45.8
15,"15dec_K41_2",2.57,10.6
15,"15dec_K41_2",12.84,14.92
15,"15dec_K41_2",16.86,18.15
15,"15dec_K45_2",37.57,39.56
15,"15dec_K45_2",47.26,48.79
15,"15dec_K51_1",11.86,14.26
15,"15dec_K51_1",15.99,16.94
15,"15dec_K51_1",18.158,21.11
15,"15dec_K51_1",23.47,24.89
15,"15dec_K51_1",27.1,28.66
15,"15dec_K51_1",29.71,31.82
15,"15dec_K51_1",34.92,38.16
15,"15dec_K51_1",39.76,44.72
15,"15dec_K52_1",8.27,11.41
15,"15dec_K52_1",16.23,17.4
15,"15dec_K52_1",22.13,26.84
15,"15dec_K53_1",12.05,14.7
15,"15dec_K53_1",22.5,24.34
15,"15dec_K53_1",39.91,41.71
15,"15dec_K54_1",34.72,39.15
15,"15dec_K54_1",51.36,56.55
15,"15dec_K54_1",60.7,61.82
15,"15dec_K54_1",64.22,67.93
15,"15dec_K54_1",79.31,81.43
15,"15dec_K54_2",76.01,77.51
15,"15dec_K55_1",7.78,10.68
15,"15dec_K55_1",15.01,16.81
15,"15dec_K55_1",23.84,30.94
15,"15dec_K55_1",37.05,39.959
15,"15dec_K61_1",9.88,10.7
15,"15dec_K61_1",25.7,27.51
15,"15dec_K61_2",10.34,13.38
15,"15dec_K61_2",23.92,26.78
15,"15dec_K61_2",29.56,32.67
15,"15dec_K61_2",34.25,37.97
15,"15dec_K61_2",39.15,41.45
15,"15dec_K62_1",21.9,25.57
15,"15dec_K63_1",16.62,18.55
15,"15dec_K63_1",20.23,22.23
15,"15dec_K63_1",29.77,34.08
15,"15dec_K63_2",15.29,16.31
15,"15dec_K63_2",17.92,20.8
15,"15dec_K63_2",24.76,26.04
15,"15dec_K63_2",27.44,30.47
15,"15dec_K63_2",36.73,38.14
15,"15dec_K63_2",42.54,45.33
15,"15dec_K63_2",47.41,48.48
15,"16dec_D21_1",9.94,11.18
15,"16dec_D21_1",22.8,23.62
15,"16dec_D22_1",10.82,12.33
15,"16dec_D23_1",7.23,8.93
15,"16dec_D23_1",12.02,16.64
15,"16dec_D23_1",23.41,24.85
15,"16dec_D23_2",16.43,19.07
15,"16dec_D23_2",21.79,25.67
15,"16dec_D24_1",25.1,28.62
15,"16dec_D24_1",32.94,33.85
15,"16dec_D24_1",42.43,48.44
15,"16dec_D32_1",14.53,17.21
15,"16dec_D41_1",15.09,16.33
15,"16dec_D41_2",15.36,22.64
15,"16dec_D42_2",9.89,11.92
16,"10dec_D11_1",213.635,218.9
16,"10dec_D11_2",150.108,155.92
16,"10dec_D41_2",16.78,31.62
16,"10dec_D42_2",7.152,29.44
16,"10dec_D43_2",9.72,20.3
16,"10dec_D43_2",27.68,31.348
16,"10dec_D52_2",26.1,27.478
16,"10dec_D62_2",28.82,30.96
16,"10dec_D64_2",19.38,23.58
16,"10dec_D64_2",33.075,34.34
16,"10dec_D71_1",0.74,29.86
16,"10dec_D71_2",5.035,27.5
16,"10dec_D72_1",1.08,31.06
16,"10dec_D72_2",3.9,31.06
16,"10dec_K21_1",31.18,32.46
16,"10dec_K42_1",3.26,7.26
16,"10dec_K42_1",10.925,12.66
16,"10dec_K42_1",27.56,29.987
16,"10dec_K52_2",5.36,8.48
16,"10dec_K53_2",12.48,14.5
16,"10dec_K61_1",0.78,19.6
16,"10dec_K61_1",24.62,29.98
16,"10dec_K61_2",8.6,26.22
16,"10dec_K71_2",21.08,30.68
16,"10dec_K72_2",8.56,12.88
16,"10dec_K72_2",29.56,30.88
16,"10dec_O12_2",11.76,14.12
16,"10dec_O13_1",30.66,36.32
16,"10dec_O14_1",5.697,14.26
16,"10dec_O14_1",16.84,20.16
16,"10dec_O14_1",29.6,32.36
16,"10dec_O15_1",12.86,13.7
16,"10dec_O15_1",27.16,30.52
16,"10dec_O16_2",33.413,35.52
16,"10dec_O17_1",8.56,10.9
16,"10dec_O17_1",14.18,20.6
16,"10dec_O17_1",23.32,25.2
16,"14dec_D21_1",10.932,14.527
16,"14dec_D21_1",16.837,17.729
16,"14dec_D21_1",22.108,24.905
16,"22dec_D61_2",26.88,34.77
16,"22dec_D61_2",61.03,62.52
16,"22dec_D61_2",70.3,72.04
16,"22dec_D62_1",26.662,37.918
16,"22dec_D62_2",8.8,13.85
16,"22dec_D62_2",36.29,41.09
16,"22dec_D63_1",3.82,10.04
16,"22dec_D63_1",11.33,20.4
16,"22dec_D63_2",6.9,13.52
16,"22dec_D63_2",31.73,37.82
16,"22dec_D64_1",16.29,26.79
16,"22dec_D64_2",8.91,18.68
16,"22dec_D64_2",26.21,32.37
16,"22dec_D64_2",51.01,52.4
16,"22dec_D71_1",11.53,25.82
16,"22dec_D71_1",29.41,37.32
16,"22dec_D71_1",38.51,46.84
16,"22dec_D71_2",20.14,22.61
16,"22dec_D72_1",0.324,1.161
16,"22dec_D72_1",8.058,14.734
16,"22dec_D72_1",20.171,33.85
16,"22dec_D72_2",8.208,10.655
16,"22dec_D72_2",11.348,13.654
16,"22dec_D72_2",20.309,27.467
16,"22dec_D72_2",32.721,34.747
16,"22dec_D73_1",7.22,19.09
16,"22dec_D73_1",21.91,31.8
16,"22dec_D73_1",34.25,37.48
16,"22dec_D73_2",10.29,14.14
16,"22dec_D73_2",16.82,20.86
16,"22dec_D73_2",33.12,33.13
16,"22dec_D73_2",33.13,40.63
16,"22dec_K23_1",28.36,28.99
16,"22dec_K23_1",29.93,32.77
16,"22dec_K23_1",67.77,69.03
16,"22dec_K23_1",69.47,69.98
16,"22dec_K23_1",77.45,80.23
16,"22dec_K31_1",33.31,38.41
16,"22dec_K32_1",7.54,10.33
16,"22dec_K33_1",9.75,11.69
16,"22dec_K33_1",13.97,25.25
16,"22dec_K33_2",12.672,21.02
16,"22dec_K33_2",31.14,33.14
16,"22dec_K34_1",25.74,27.98
16,"22dec_K34_2",16.16,16.88
16,"22dec_K34_2",22.47,26.82
16,"22dec_K41_1",23.07,26
16,"22dec_K41_1",38.6,47.59
16,"22dec_K41_1",49.25,53.22
16,"22dec_K42_1",8.926,18.966
16,"22dec_K42_1",31.43,33.155
16,"22dec_K43_1",14.848,26.356
16,"22dec_K43_1",34.606,37.768
16,"22dec_K43_2",11.446,20.507
16,"22dec_K43_2",22.726,24.441
16,"22dec_K51_1",13.801,15.247
16,"22dec_K51_1",17.923,26.325
16,"22dec_K51_1",36.673,38.261
16,"22dec_K52_1",18.928,19.678
16,"22dec_K52_1",20.47,39.29
16,"22dec_K53_1",11.502,15.058
16,"22dec_K53_1",23.41,25.997
16,"22dec_K53_2",25.877,26.904
16,"22dec_K54_1",18.112,47.76
16,"22dec_K54_1",51.954,58.791
16,"22dec_K54_1",65.423,66.457
16,"22dec_K54_1",69.848,77.57
16,"22dec_K61_1",16.686,19.385
16,"22dec_K61_1",24.018,28.174
16,"22dec_K61_1",29.391,30.239
16,"22dec_K61_2",18.275,32.55
16,"22dec_K61_2",35.239,51.945
16,"22dec_K62_1",18.654,19.56
16,"22dec_K62_1",39.882,43.4
16,"22dec_K62_2",35.779,81.58
16,"22dec_K63_2",16.621,30.952
16,"22dec_K63_2",33.804,41.816
16,"22dec_N12_1",1.9,3.12
16,"22dec_N16_1",76.013,76.61
17,"15dec_K52_1",6.71,18.94
17,"15dec_K52_1",24.14,25.516
17,"15dec_K52_1",25.9,31.53
17,"15dec_K52_2",0.76,2.26
17,"15dec_K53_1",12.16,24.82
17,"15dec_K53_1",30.31,31.31
17,"15dec_K53_1",38.7,43.39
17,"15dec_K54_1",34.95,38.75
17,"15dec_K54_1",65.54,67.89
17,"15dec_K54_1",79.319,81.509
17,"15dec_K55_1",8.17,11.47
17,"15dec_K55_1",37.968,40.19
17,"15dec_K61_1",27.24,28.3
17,"15dec_K61_1",43.88,45.68
17,"15dec_K61_2",11.07,17.45
17,"15dec_K61_2",29.738,32.7
17,"15dec_K61_2",34.17,37.68
17,"15dec_K61_2",39.4,42.25
17,"15dec_K62_1",22.01,24.189
17,"15dec_K62_2",15.34,16.82
17,"15dec_K62_2",26.644,30.064
17,"15dec_K63_2",15.2,20.31
17,"15dec_K63_2",42.66,45.52
17,"15dec_K63_2",47.55,48.48
17,"16dec_D21_1",22.92,25.04
17,"16dec_D22_1",10.87,12.09
17,"16dec_D23_1",12.33,16.08
17,"16dec_D23_1",23.6,26.47
17,"16dec_D24_1",18.64,19.91
17,"16dec_D24_1",44.56,47.77
17,"16dec_D41_2",15.53,25.23
17,"16dec_D42_2",5.1,7.79
17,"16dec_D61_2",9.99,13.38
17,"16dec_D61_2",21.21,22.59
17,"16dec_D61_2",26.407,29.17
17,"16dec_D62_2",6.81,9.91
17,"16dec_D62_2",29.88,32.15
17,"16dec_D71_1",3.626,7.5
17,"16dec_D71_1",13.99,16.83
17,"16dec_D71_1",25.76,27.96
17,"16dec_D71_2",2.67,5.18
17,"16dec_D71_2",10.52,13.74
17,"16dec_D71_2",15.886,19.326
17,"16dec_D71_2",23.209,25.46
17,"16dec_D72_2",2.48,4.73
17,"16dec_D73_1",9.73,12
17,"16dec_D73_1",18.3,21.19
17,"16dec_D73_2",6.29,11.6
17,"16dec_D73_2",15.17,17.02
17,"16dec_D73_2",20.69,22.068
17,"16dec_D73_2",24.53,26.61
17,"16dec_D73_2",28.4,32.18
17,"16dec_D73_2",32.76,35.69
17,"16dec_K14_1",1.81,4.91
17,"16dec_K32_2",4.37,5.4
17,"16dec_K33_2",15.85,18.89
17,"16dec_K41_1",23.86,25.94
17,"16dec_K51_1",7.79,10.83
17,"16dec_K51_1",24.97,28.68
17,"16dec_K51_1",34.58,36.89
17,"16dec_K51_2",8.83,10.91
17,"16dec_K52_1",7.78,12.3
17,"16dec_K52_1",14.49,18.4
17,"16dec_K52_1",25.11,29.93
17,"16dec_K52_1",34.18,36.95
17,"16dec_K52_2",26.03,30.66
17,"16dec_K53_1",13.02,15.15
17,"16dec_K53_1",22.66,24.04
17,"16dec_K53_1",31.7,34.03
17,"16dec_K61_2",7.78,11.27
17,"16dec_K61_2",20,22.45
17,"16dec_K61_2",25.34,29.5
17,"16dec_K62_2",7.27,10.32
17,"16dec_K62_2",14.05,17.89
17,"16dec_K63_2",9.47,13.46
17,"16dec_K63_2",21.95,27.67
17,"16dec_K63_2",32.39,37.2
17,"16dec_K63_2",43.79,46.48
17,"16dec_K64_2",6.63,8.96
17,"16dec_K64_2",34.89,37.3
17,"22dec_K51_1",14.01,17.29
17,"22dec_K51_1",36.67,39.17
17,"22dec_K52_1",19.05,23.28
17,"22dec_K52_1",28.14,32.71
17,"22dec_K53_1",11.55,14.67
17,"22dec_K53_1",22.864,26.69
17,"22dec_K54_1",18.22,24.47
17,"22dec_K54_1",27.1,32.04
17,"22dec_K54_1",48.66,53.58
17,"22dec_K54_1",57.22,59.56
17,"22dec_K61_2",18.51,21.61
17,"22dec_K61_2",27.85,32.31
17,"22dec_K62_2",36.09,41.1
17,"22dec_K62_2",51.37,55.81
17,"22dec_K62_2",70.57,72.3
17,"22dec_K62_2",77.77,79.61
17,"22dec_K63_2",33.58,39.39
17,"22dec_N14_2",0.41,2.32
18,"16dec_D53_2",15.492,20.507
18,"16dec_D61_2",7.557,34.625
18,"16dec_D62_2",6.624,7.921
18,"16dec_D62_2",29.828,33.601
18,"16dec_D71_1",4.881,34
18,"16dec_D71_2",2.52,34.77
18,"16dec_D72_1",2.754,7.912
18,"16dec_D72_2",1.86,7.72
18,"16dec_D73_1",3.464,36.58
18,"16dec_D73_2",3.712,36.602
18,"16dec_K12_2",2.72,30.918
18,"16dec_K51_1",1.466,37.01
18,"16dec_K52_1",7.317,44.22
18,"16dec_K53_1",7.815,45.044
18,"16dec_K61_2",4.316,37.3
18,"16dec_K62_2",6.038,20.793
18,"16dec_K63_2",5.032,45.98
18,"16dec_K64_2",4.17,36.101
18,"19dec_D71_1",2.08,38.54
18,"19dec_D71_2",3.08,38.52
18,"19dec_D72_1",6.75,57.57
18,"19dec_D72_2",5.14,57.442
18,"19dec_D73_2",2.28,42.59
18,"19dec_K51_1",2.99,44.452
18,"19dec_K52_1",2.558,31.62
18,"19dec_K53_1",1.779,36.852
18,"19dec_K53_1",48.519,77.756
18,"19dec_K61_1",1.99,33.31
18,"19dec_K61_2",9.036,33.256
19,"10dec_D11_2",149.1,151.5
19,"10dec_D11_2",153.4,155.5
19,"16dec_K51_1",1.17,3.7
19,"16dec_K51_1",7.01,11.67
19,"16dec_K51_1",14.22,15.93
19,"16dec_K51_1",26.56,37
19,"16dec_K51_2",3.332,11.02
19,"16dec_K51_2",24.68,29.24
19,"16dec_K52_1",7.2,15.999
19,"16dec_K52_1",21.06,30.48
19,"16dec_K52_2",13.391,15.864
19,"16dec_K52_2",30.09,31.45
19,"16dec_K53_1",11.8,19.496
19,"16dec_K53_1",20.88,36
19,"16dec_K53_2",42.88,45.78
19,"16dec_K61_2",7.55,14.84
19,"16dec_K61_2",16.73,21.939
19,"16dec_K61_2",25.1,27.53
19,"16dec_K61_2",29.413,33.05
19,"16dec_K61_2",34.15,37.249
19,"16dec_K62_2",7.25,19
19,"16dec_K63_1",23.47,31.86
19,"16dec_K63_2",9.76,19.405
19,"16dec_K63_2",23.99,30.391
19,"16dec_K63_2",33.14,37.21
19,"16dec_K63_2",41.83,46.2
19,"16dec_K64_2",6.09,10.901
19,"16dec_K64_2",14.41,16.17
19,"16dec_K64_2",21.11,26.06
19,"16dec_K64_2",34.91,35.212
19,"16dec_N12_2",37.04,39.74
19,"16dec_O12_1",7.197,8.475
19,"16dec_O21_2",10.5,12.46
19,"16dec_O21_2",17.43,20.57
19,"16dec_O21_2",23.93,35.37
19,"16dec_O21_2",52.87,62.79
19,"16dec_O21_2",65.95,75.31
19,"19dec_D11_1",1.47,1.49
19,"19dec_D21_1",14.97,18.7
19,"19dec_D21_1",25.32,31.069
19,"19dec_D21_1",33.08,36
19,"19dec_D22_1",14.25,16.99
19,"19dec_D22_1",18.78,27.97
19,"19dec_D22_1",30.42,33.67
19,"19dec_D22_1",36.2,37.14
19,"19dec_D23_1",21.35,36.64
19,"19dec_D23_1",37.55,48.3
19,"19dec_D41_2",26.37,27.65
19,"19dec_D61_1",9.68,14.48
19,"19dec_D62_1",9.55,16.439
19,"19dec_D71_1",4.1,14.37
19,"19dec_D71_1",17.654,22.67
19,"19dec_D71_1",31.71,38.5
19,"19dec_D71_2",5.17,7.657
19,"19dec_D71_2",13.452,18.519
19,"19dec_D71_2",21.838,33.35
19,"19dec_D71_2",35.21,36.42
19,"19dec_D72_1",9.6,22.81
19,"19dec_D72_1",24.067,28.79
19,"19dec_D72_1",31.93,35.61
19,"19dec_D72_1",54.026,57.25
19,"19dec_D72_2",8.925,11.292
19,"19dec_D72_2",12.73,24.17
19,"19dec_D72_2",28.97,30.67
19,"19dec_D72_2",33.764,35.48
19,"19dec_D72_2",39.457,43.666
19,"19dec_D72_2",48.57,50.87
19,"19dec_D73_1",4.61,15.59
19,"19dec_D73_1",20.45,26.14
19,"19dec_D73_1",32.53,42.51
19,"19dec_D73_2",10.85,13.03
19,"19dec_D73_2",19.591,22.202
19,"19dec_D73_2",23.221,26.739
19,"19dec_D73_2",28.14,34.18
19,"19dec_D73_2",39.396,41.466
19,"19dec_K11_2",13.41,21.741
19,"19dec_K12_2",7.957,10.56
19,"19dec_K31_2",17.31,19.71
19,"19dec_K32_1",7.388,8.77
19,"19dec_K32_1",32.48,34.46
19,"19dec_K32_2",11.1,15.31
19,"19dec_K51_1",4.85,25.03
19,"19dec_K51_1",31.8,44.74
19,"19dec_K52_1",2.68,10.92
19,"19dec_K52_1",21.12,23.268
19,"19dec_K52_1",25.34,31.67
19,"19dec_K53_1",1.47,24.66
19,"19dec_K53_1",27.75,36.36
19,"19dec_K53_1",53.51,63.91
19,"19dec_K53_1",64.83,72.6
19,"19dec_K61_1",6.91,27.91
19,"19dec_K61_2",6.73,8.9
19,"19dec_K61_2",9.91,14
19,"19dec_K61_2",18.55,26.11
19,"19dec_K61_2",26.782,29.102
19,"19dec_K61_2",29.97,32.747
19,"19dec_K62_1",12.11,17.42
19,"19dec_K62_1",31.37,50.42
19,"19dec_K62_2",33.484,37.938
19,"19dec_K62_2",42.44,49.66
19,"19dec_K63_1",3.5,14.468
19,"19dec_K63_1",17.68,43.85
19,"19dec_K63_2",15.95,26.74
19,"19dec_K64_2",10.217,11.45
19,"19dec_K64_2",14.1,19.363
19,"22dec_D11_1",4.31,6.96
19,"22dec_D21_1",12.49,14.6
19,"22dec_D22_1",7.48,13.21
19,"22dec_D22_1",27.73,28.97
19,"22dec_D22_1",37.49,38.31
19,"22dec_D22_1",44.57,45.87
19,"22dec_D23_1",2.7,3.72
19,"22dec_D23_1",4.64,5.25
19,"22dec_D23_1",9.63,11.67
19,"22dec_D23_1",18.46,20.95
19,"22dec_D23_1",27.33,30.31
19,"22dec_D35_2",50.14,53.15
19,"22dec_D41_2",12.02,13.57
19,"22dec_D41_2",19.11,21.7
19,"22dec_D41_2",32.1,37.66
19,"22dec_D42_2",16.39,26.44
19,"22dec_D42_2",42.05,43.87
19,"22dec_D43_2",9.56,11.81
19,"22dec_D43_2",19.95,22.09
19,"22dec_D43_2",29.04,34.49
19,"22dec_D44_2",52.77,56.41
19,"22dec_D51_1",19.18,21.31
19,"22dec_D51_1",24.63,28.9
19,"22dec_D51_2",36.21,41.34
19,"22dec_D52_2",31.67,34.99
19,"22dec_D52_2",49.02,53
19,"22dec_D53_1",37.19,43.42
19,"22dec_D53_2",38.87,58.34
19,"22dec_D54_1",18.49,21.12
20,"10dec_D11_2",149.304,155.142
20,"10dec_D11_2",193.469,197.448
20,"19dec_D51_1",9.192,12.526
20,"19dec_D51_2",3.435,7.82
20,"19dec_D52_1",20.988,22.399
20,"19dec_D52_1",23.836,25.526
20,"19dec_D52_1",31.127,33.581
20,"19dec_D52_2",4.4,7.16
20,"19dec_D53_2",8.43,10.74
20,"19dec_D61_1",7.5,13.71
20,"19dec_D61_1",17,18.34
20,"19dec_D61_1",29.87,34.28
20,"19dec_D61_1",37.9,40.71
20,"19dec_D62_1",5.55,13.36
20,"19dec_D62_1",16.99,18.65
20,"19dec_D62_2",21.915,25.6
20,"19dec_D62_2",27.802,31.618
20,"19dec_D62_2",33.335,35.856
20,"19dec_D63_1",5.542,8.542
20,"19dec_D63_1",29.39,31.58
20,"19dec_D63_2",20.057,25.46
20,"19dec_D71_1",2.473,11.05
20,"19dec_D71_1",11.4,12.58
20,"19dec_D71_1",14.98,22.65
20,"19dec_D71_1",35.38,37.681
20,"19dec_D71_2",18.535,24.16
20,"19dec_D71_2",28.519,33.11
20,"19dec_D71_2",33.904,37.06
20,"19dec_D72_1",5.15,8.2
20,"19dec_D72_1",12.85,20.036
20,"19dec_D72_1",20.51,31.59
20,"19dec_D72_1",32.227,40.06
20,"19dec_D72_1",48.438,57.83
20,"19dec_D72_2",7.25,12.537
20,"19dec_D72_2",17.597,25.63
20,"19dec_D72_2",28.41,33.871
20,"19dec_D72_2",39.14,43.756
20,"19dec_D72_2",48.496,51.456
20,"19dec_D73_1",3.442,16.292
20,"19dec_D73_1",18.853,25.87
20,"19dec_D73_1",32.26,42.392
20,"19dec_D73_2",1.18,9.593
20,"19dec_D73_2",11.036,13.756
20,"19dec_D73_2",18.215,27.498
20,"19dec_D73_2",28.96,35.21
20,"19dec_K11_1",4.53,7.14
20,"19dec_K11_2",7.57,10.5
20,"19dec_K32_1",7.043,9.67
20,"19dec_K41_2",17.926,22.73
20,"19dec_K41_2",33.17,34.74
20,"19dec_K51_1",0,6.36
20,"19dec_K51_1",11.122,14.236
20,"19dec_K51_1",16.16,20.19
20,"19dec_K51_1",36.975,44.203
20,"19dec_K52_1",1.74,7.73
20,"19dec_K52_1",15.43,17.57
20,"19dec_K53_1",1.724,8.472
20,"19dec_K53_1",11.16,16.41
20,"19dec_K53_1",29.54,36.42
20,"19dec_K53_1",53.278,60.06
20,"19dec_K53_1",64.41,67.98
20,"19dec_K53_1",70.6,78.24
20,"19dec_K61_1",1.71,12.78
20,"19dec_K61_1",16.05,24.04
20,"19dec_K61_1",25.677,33.28
20,"19dec_K61_2",6.22,13.599
20,"19dec_K61_2",16.05,27.06
20,"19dec_K62_1",11.14,16.68
20,"19dec_K62_1",24.58,27.599
20,"19dec_K62_1",28.22,31.56
20,"19dec_K62_1",31.7,34.24
20,"19dec_K62_1",34.947,44.61
20,"19dec_K62_1",45.107,47.76
20,"19dec_K62_1",49.27,50.46
20,"19dec_K62_2",31.34,36.52
20,"19dec_K62_2",39.946,43.724
20,"19dec_K63_1",10.81,23.98
20,"19dec_K63_1",25.358,31.97
20,"19dec_K63_2",32.555,38.19
20,"19dec_K64_2",8.89,27.67
20,"19dec_K64_2",33.62,39.655
20,"19dec_N13_1",1.891,5.16
20,"22dec_D11_2",24.05,26.32
20,"22dec_D11_2",40.96,43.76
20,"22dec_D12_2",31.827,36.69
20,"22dec_D13_2",35.457,43.61
20,"22dec_D14_2",35.5,43.32
20,"22dec_D14_2",46.599,48.982
20,"22dec_D14_2",55.156,61.23
20,"22dec_D21_1",5.17,8.46
20,"22dec_D21_1",12.24,16.343
20,"22dec_D21_1",17.242,20.427
20,"22dec_D21_1",22.26,25.2
20,"22dec_D21_1",32.48,33.95
20,"22dec_D21_1",36.115,37.749
20,"22dec_D21_2",16.32,30.38
20,"22dec_D21_2",31.947,38.44
20,"22dec_D21_2",44.855,51.36
20,"22dec_D22_1",7.963,11.58
20,"22dec_D22_1",26.048,31.75
20,"22dec_D22_1",37.48,38.65
20,"22dec_D22_1",45.23,47.42
20,"22dec_D22_2",6.266,14.49
20,"22dec_D22_2",14.697,19.77
20,"22dec_D22_2",21.533,31.2
20,"22dec_D22_2",32,36.32
20,"22dec_D22_2",37.03,47.36
20,"22dec_D23_1",2.59,3.976
20,"22dec_D23_1",4.52,5.736
20,"22dec_D23_1",9.843,16.14
20,"22dec_D23_1",21.37,27.264
20,"22dec_D23_1",45.538,50.71
20,"22dec_D23_2",10.84,20.288
20,"22dec_D23_2",22.52,25.3
20,"22dec_D23_2",25.539,27.93
20,"22dec_D23_2",28.312,31.34
20,"22dec_D23_2",36.71,40.7
20,"22dec_D41_2",7.499,24.87
20,"22dec_D41_2",32.695,38.35
20,"22dec_D41_2",68.057,71.877
20,"22dec_D42_2",15.554,25.876
20,"22dec_D42_2",31.626,34.841
20,"22dec_D42_2",39.469,51.07
20,"22dec_D42_2",55.78,60.23
20,"22dec_D43_2",28.24,33.62
20,"22dec_D43_2",42.59,48.36
20,"22dec_D44_2",51.64,56.393
20,"22dec_D51_2",20.77,29.66
20,"22dec_D51_2",36.017,42.598
20,"22dec_D52_2",22.86,26.57
20,"22dec_D52_2",29.356,35.15
20,"22dec_D52_2",35.54,53.22
20,"22dec_D53_1",40.342,44.277
20,"22dec_D53_2",5.382,8.832
20,"22dec_D53_2",30.95,33.24
20,"22dec_D53_2",38.66,51.02
20,"22dec_D53_2",53.875,62.07
20,"22dec_D54_1",18.337,20.287
20,"22dec_D55_1",18.814,19.978
20,"22dec_D55_1",20.33,22.89
20,"22dec_D61_1",65.684,69.838
20,"22dec_D61_2",24.59,34.89
20,"22dec_D62_1",24.172,37.65
20,"22dec_D62_2",7.895,13.74
20,"22dec_D62_2",16.04,18.25
20,"22dec_D63_1",4.69,10.15
20,"22dec_D63_1",10.58,14.29
20,"22dec_D63_1",16.39,19.917
20,"22dec_D63_1",20.57,23
20,"22dec_D63_2",5.759,14.218
20,"22dec_D63_2",16.53,18.811
20,"22dec_D63_2",33.095,35.4
20,"22dec_D63_2",36.036,38.96
20,"22dec_D64_1",15.208,31.58
20,"22dec_D64_2",8.915,12.854
20,"22dec_D71_1",9.79,22.09
20,"22dec_D71_1",41.347,46.331
20,"22dec_D71_2",11.837,16.232
20,"22dec_D71_2",19.03,23.398
20,"22dec_D71_2",25.873,30.1
20,"22dec_D72_1",7.3,14.61
20,"22dec_D72_1",20.057,25.349
20,"22dec_D72_1",39.73,41.209
20,"22dec_D72_2",7.558,14.35
20,"22dec_D72_2",15.726,24.596
20,"22dec_D72_2",24.988,28.636
20,"22dec_D73_1",7.208,21.669
20,"22dec_D73_1",25.323,30.71
20,"22dec_D73_2",10.376,14.45
20,"22dec_D73_2",15.43,21.439
20,"22dec_D73_2",25.181,36.91
20,"22dec_D73_2",38.133,40.62
20,"22dec_K11_2",0,1.455
20,"22dec_K23_1",77.278,80.55
20,"22dec_K31_2",43.76,45.76
20,"22dec_K32_2",41.359,50.057
20,"22dec_K33_1",13.326,18.31
20,"22dec_K33_1",19.89,26.627
20,"22dec_K33_1",27.952,34.08
20,"22dec_K33_2",11.488,21.65
20,"22dec_K33_2",25.53,27.22
20,"22dec_K33_2",28.738,37.29
20,"22dec_K34_1",25.739,28.1
20,"22dec_K34_2",12.418,17.669
20,"22dec_K34_2",19.637,28.074
20,"22dec_K41_1",2.72,5.717
20,"22dec_K41_1",22.48,26.99
20,"22dec_K41_1",29.639,38.645
20,"22dec_K42_1",7.278,10.545
20,"22dec_K42_1",25.02,30.32
20,"22dec_K43_2",6.72,20.27
20,"22dec_K44_2",18.227,23.67
